#count	frequency	CDR3nt	CDR3aa	V	D	J	C	cid	cid_full_length
58	4.035665e-02	TGCCAACAGTATAATAGTTATTCTATGTGGACGTTC	CQQYNSYSMWTF	IGKV1-5*03	.	IGKJ1*01	IGKC	assemble12	0
50	3.429355e-02	TGCGGAACATGGGAAAGCAGCCTGAGTGCTGGGGTGTTC	CGTWESSLSAGVF	IGLV1-51*01	.	IGLJ3*02	IGLC	assemble75	0
48	1.804511e-01	TGTGCTAGAGATGGCGCCCCACATTTTAACTGGTTACTTGACCACTGG	CARDGAPHFNWLLDHW	IGHV4-39*07	IGHD3-9*01	IGHJ4*02	.	assemble100	0
47	3.284636e-02	TGTCAACAGAGTTACGGTAGTCCTCCCACTTTT	CQQSYGSPPTF	IGKV1-39*01	.	IGKJ2*01	IGKC	assemble60	0
42	2.917695e-02	TGTCAACAGAGTTACAGTCCCCTTTACACTTTT	CQQSYSPLYTF	IGKV1-39*01	.	IGKJ2*01	IGKC	assemble38	0
38	2.606310e-02	TGCATGCAAGCTCTACAAACTCTGTACACTTTT	CMQALQTLYTF	IGKV2-28*01	.	IGKJ2*01	IGKC	assemble47	0
34	1.278195e-01	TGTGCGAGAGGTCCAAGGACTTCCTTGGAACTTGACTACTGG	CARGPRTSLELDYW	IGHV3-21*06	IGHD1-7*01	IGHJ4*02	.	assemble86	0
30	2.057613e-02	TGTCAGCAGCGTAGCAACTGGCCCCTCACTTTC	CQQRSNWPLTF	IGKV3D-11*03	.	IGKJ4*01	IGKC	assemble63	0
29	2.030864e-02	TGCCAGTCTTATGACATCAGCCTGAGTGGTGTGGTATTC	CQSYDISLSGVVF	IGLV1-40*01	.	IGLJ2*01	IGLC	assemble79	0
29	1.989026e-02	TGTCACCAGTATGGTAGTCCATTCACTTTC	CHQYGSPFTF	IGKV3-20*01	.	IGKJ3*01	IGKC	assemble187	0
28	1.940329e-02	TGCATGCAACGTTTAGACTTTCCGATCACCTTC	CMQRLDFPITF	IGKV2-40*01	.	IGKJ5*01	IGKC	assemble172	0
28	1.920439e-02	TGTCAGCAGGGTAGCAACTGGCCGCTCACTTTC	CQQGSNWPLTF	IGKV3-11*01	.	IGKJ4*01	IGKC	assemble285	0
28	1.920439e-02	TCTCAGCAGTATAATAACTGGCCAAGGACGTTC	SQQYNNWPRTF	IGKV3-15*01	.	IGKJ1*01	IGKC	assemble64	0
27	1.015038e-01	TGTGCGAGACATGGTCCACACCCGACCACGGTGATTCCTTCATTTGACTACCGG	CARHGPHPTTVIPSFDYR	IGHV4-39*01	IGHD4-17*01	IGHJ4*02	IGHA1	assemble4	0
25	1.770233e-02	TGCTGCTCATATGCAGGGGACTACACTTTAGTTGTCTTC	CCSYAGDYTLVVF	IGLV2-11*01	.	IGLJ1*01	IGLC	assemble93	0
24	1.646091e-02	TGCATGCAAACTCTAGAAACTCCGTTCACTTTT	CMQTLETPFTF	IGKV2-28*01	.	IGKJ2*01	IGKC	assemble81	0
24	1.646091e-02	TGTCAGCAGTATGATAACTGGCCTCTCACTTTC	CQQYDNWPLTF	IGKV3-15*01	.	IGKJ4*01	IGKC	assemble49	0
21	1.440329e-02	TGCCAACAGTATAGTAGTTATTCTCCGTCCACTTTT	CQQYSSYSPSTF	IGKV1-5*03	.	IGKJ2*01	IGKC	assemble503	0
21	7.894737e-02	TGTGCGGGCGGAACTATAACTCCAACTTACTACTTCCCTATGGACGTCTGG	CAGGTITPTYYFPMDVW	IGHV4-59*09	IGHD1-7*01	IGHJ6*02	IGHG1	assemble412	0
20	7.692308e-01	TGTTCCAGCAGACAGGGACAGGGGGCAGATACGCAGTATTTT	CSSRQGQGADTQYF	TRBV12-3*01	TRBD1*01	TRBJ2-3*01	TRBC	assemble118	0
20	7.518797e-02	TGTGCGAGACATCAATTTTATGGTTCGGGGAGTTATCCGGACTACTGG	CARHQFYGSGSYPDYW	IGHV4-39*01	IGHD3-10*01	IGHJ4*02	.	assemble743	0
19	1.349108e-02	TGTCTACAGCATGATAGTTACCCTCTGACGTTC	CLQHDSYPLTF	IGKV1-17*01	.	IGKJ1*01	IGKC	assemble298	0
18	1.290809e-02	TGTCAACAGTATGATAAGTCAGTCTCTTTT	CQQYDKSVSF	IGKV3-20*01	.	IGKJ2*01	IGKC	assemble122	0
18	1.234568e-02	TGTCAGCAGTATGGTAGCTCACCGCTCACTTTC	CQQYGSSPLTF	IGKV3-20*01	.	IGKJ4*01	IGKC	assemble105	0
17	1.165981e-02	TGCCAACAGTATAATGCTTACCCTTACACTTTT	CQQYNAYPYTF	IGKV1-16*01	.	IGKJ2*01	IGKC	assemble160	0
16	6.349624e-02	TGTGCGAAAGACTATACCAGCAGATACTATTACGCTATGCACGTCTGG	CAKDYTSRYYYAMHVW	IGHV1-69*01	IGHD6-25*01	IGHJ6*02	.	assemble150	0
16	1.097394e-02	TGTCAACACAGTTACAATATTCCGTGGACGTTC	CQHSYNIPWTF	IGKV1-39*01	.	IGKJ1*01	IGKC	assemble173	0
16	1.097394e-02	TGTCAGTACTATGTTAGCCCACTTACGTGGACGTTC	CQYYVSPLTWTF	IGKV3-20*01	.	IGKJ1*01	IGKC	assemble398	0
15	1.043896e-02	TGCCAAAGGTGTAATACTTACCCGTACACTTTT	CQRCNTYPYTF	IGKV1-13*01	.	IGKJ2*01	IGKC	assemble108	0
15	5.639098e-02	TGTGCGAGAATAGGGGGAGGTTTGGTGGGAGCTAATGAGACCCCACCCATCTGG	CARIGGGLVGANETPPIW	IGHV1-46*01	IGHD3-16*01	IGHJ3*02	IGHG1	assemble91	0
15	1.028807e-02	TGTCAGGTATGGGATAGTAATAGTGATCATCATGTCTTC	CQVWDSNSDHHVF	IGLV3-21*02	.	IGLJ1*01	IGLC	assemble697	0
14	9.718793e-03	TGTCAAAACTATGATAATCGCGGAGTGTTCACATTC	CQNYDNRGVFTF	IGKV1-33*01	.	IGKJ4*01	IGKC	assemble65	0
14	9.602195e-03	TGCATGCAAGCTCTACAAACTCCGTGGACGTTC	CMQALQTPWTF	IGKV2-28*01	.	IGKJ1*01	IGKC	assemble227	0
13	8.916324e-03	TGCATGCAAGCTACACAATTTCCTCGGACTTTT	CMQATQFPRTF	IGKV2-24*01	.	IGKJ2*01	IGKC	assemble202	0
12	4.511278e-02	TGTGTAAGAGACCCCGACTACCTAGACTATGTCGGCAACGGGATGGACGTCTGG	CVRDPDYLDYVGNGMDVW	IGHV1-18*01	IGHD4-17*01	IGHJ6*02	.	assemble1125	0
11	7.805213e-03	TGTCAACAGAGTTACAGTACCCCCGGGACGTTC	CQQSYSTPGTF	IGKV1-39*01	.	IGKJ1*01	IGKC	assemble1080	0
11	4.400000e-01	TGTGCAATGAGAGAGGGCCAGAACACCGACAAGCTCATCTTT	CAMREGQNTDKLIF	TRAV14/DV4*01	.	TRAJ34*01	.	assemble435	0
11	7.544582e-03	TGTCAACAATATAATATATATTCGACGTTC	CQQYNIYSTF	IGKV1-5*01	.	IGKJ1*01	IGKC	assemble490	0
11	4.135338e-02	TGTGTGAGGAACACTCTGGTTCGGGGAGTAGTGAGCTACTACCACGGCATGGACGTCTGG	CVRNTLVRGVVSYYHGMDVW	IGHV3-48*03	IGHD3-10*01	IGHJ6*02	.	assemble691	0
11	7.544582e-03	TGCAGCTGCTGCTCATATACAAGGACCACCACTCTCGTGGTATTC	CSCCSYTRTTTLVVF	IGLV2-14*01	.	IGLJ2*01	IGLC	assemble269	0
11	4.135338e-02	TGTGCGAGAGCAACGTGGTGGTTATTGTCTTGACTACTGG	out_of_frame	IGHV1-46*01	IGHD2-21*01	IGHJ4*01	.	assemble663	0
10	6.858711e-03	TGTCAACACCATAATAGTTTCCCTCCCTTACTCACTTTC	CQHHNSFPPLLTF	IGKV1D-8*03	.	IGKJ3*01	IGKC	assemble1797	0
10	6.858711e-03	TGTATGCAAACTCTAGAAACTCCGTTCACTTTT	CMQTLETPFTF	IGKV2-28*01	.	IGKJ2*01	IGKC	assemble81	0
10	6.858711e-03	TGTCAACAGAGTTACAGTACCCTCCTCATTTTC	CQQSYSTLLIF	IGKV1-39*01	.	IGKJ3*01	IGKC	assemble428	0
10	6.858711e-03	TGTATGATTTGGCACAGCAGCGCCTGGGTCTTC	CMIWHSSAWVF	IGLV5-45*01	.	IGLJ3*02	IGLC	assemble349	0
9	3.600000e-01	TGTGCAGCCCTTAGGCCTAACGACTACAAGCTCAGCTTT	CAALRPNDYKLSF	TRAV13-1*01	.	TRAJ20*01	.	assemble377	0
9	3.383459e-02	TGTGCGAGAGATTGTCGGGGGGAAACAACCAGTGAAAATACCGTGGTGATGGACGTCTGG	CARDCRGETTSENTVVMDVW	IGHV1-18*01	IGHD2-21*01	IGHJ6*02	.	assemble1392	0
9	6.172840e-03	TGTCAGCAGCGTAGCAACTGGCTCGCGCTCAGTTTC	CQQRSNWLALSF	IGKV3-11*01	.	IGKJ4*01	IGKC	assemble1451	0
9	6.172840e-03	TGTCAGCAGCATAATAACTGGCCAACTTTC	CQQHNNWPTF	IGKV3-15*01	.	IGKJ3*01	IGKC	assemble1097	0
9	6.172840e-03	TGTCAGCAGTATGGTAGCTCACCGCTCTTTC	out_of_frame	IGKV3-20*01	.	IGKJ4*01	IGKC	assemble371	0
9	6.172840e-03	TGTCAGCAACGTGGCAACTGGCCTCCACTCACTTTC	CQQRGNWPPLTF	IGKV3-11*01	.	IGKJ4*01	IGKC	assemble1115	0
9	6.172840e-03	TGTCAACAGTATATAAGTCAGTCTCTTTT	out_of_frame	IGKV3-20*01	.	IGKJ2*01	IGKC	assemble1417	0
9	6.172840e-03	TGCCAACAGTATGTTAGTTATCCGTACACTTTT	CQQYVSYPYTF	IGKV1-5*01	.	IGKJ2*01	IGKC	assemble568	0
9	6.172840e-03	TGTCAGCAGCGTAGCAACTGGCCCCTCACTTTC	CQQRSNWPLTF	IGKV3-11*01	.	IGKJ4*01	IGKC	assemble502	0
9	6.172840e-03	TGTCAGGTGTTGGATAGTAGTAGTGCTCATGTGGTATTT	CQVLDSSSAHVVF	IGLV3-21*02	.	IGLJ2*01	IGLC	assemble363	0
8	5.898491e-03	TGCTGCTCATATTCAGGGGACTACACTTTAGTTGTCTTC	CCSYSGDYTLVVF	IGLV2-11*01	.	IGLJ1*01	IGLC	assemble93	0
8	5.877915e-03	TGTCAGCAATATAATAGCTGGCCCCGGACGTTC	CQQYNSWPRTF	IGKV3-15*01	.	IGKJ1*01	IGKC	assemble684	0
8	5.486968e-03	TGCGGAACATGGGATAGTAGTCTGAGTGCTCATGTCTTC	CGTWDSSLSAHVF	IGLV1-51*01	.	IGLJ1*01	IGLC	assemble813	0
8	5.486968e-03	TGTCAGGCGTGGGACAGCAGCACTGCCTCTTATGTCTTC	CQAWDSSTASYVF	IGLV3-1*01	.	IGLJ1*01	IGLC	assemble789	0
8	5.486968e-03	TGCTGCTCATATGCAGGTGGTGGGACTTTTGTGTTATTC	CCSYAGGGTFVLF	IGLV2-23*01	.	IGLJ2*01	IGLC	assemble492	0
7	5.404664e-03	TGCCAACAATATAATAATTATTCTCCGTCGTGGACGTTC	CQQYNNYSPSWTF	IGKV1-5*01	.	IGKJ1*01	IGKC	assemble1095	0
7	5.281207e-03	TGCCAACAGTATAAGGATTATTGGACGTTC	CQQYKDYWTF	IGKV1-16*01	.	IGKJ1*01	IGKC	assemble1078	0
7	5.240055e-03	TGTCAACACCTTAATACTTACCCATTCACTTTC	CQHLNTYPFTF	IGKV1-9*01	.	IGKJ3*01	IGKC	assemble787	0
7	4.801097e-03	TGTCAGCAGCGTAGGAACTGGCCTCTATTCACTTTC	CQQRRNWPLFTF	IGKV3-11*01	.	IGKJ3*01	IGKC	assemble504	0
7	4.801097e-03	TGTCAGCAATATTTTAGTACTCCGACGTTC	CQQYFSTPTF	IGKV4-1*01	.	IGKJ1*01	IGKC	assemble2247	0
7	4.801097e-03	TGTCAGCAGTATAATAACTGGCCTCCGGTCACTTTC	CQQYNNWPPVTF	IGKV3-15*01	.	IGKJ4*01	IGKC	assemble1136	0
6	4.115226e-03	TGCATGGCAGCTCTACAAACCCCTCCGGGGTCGTTC	CMAALQTPPGSF	IGKV2-28*01	.	IGKJ1*01	IGKC	assemble1119	0
6	4.115226e-03	TGCATGCAAAGTGTACAGCTTCCTCGGACGTTC	CMQSVQLPRTF	IGKV2D-29*02	.	IGKJ1*01	IGKC	assemble1579	0
6	4.115226e-03	TGTCAACAGTATTATAGTATCCTCCGGACGTTC	CQQYYSILRTF	IGKV1-NL1*01	.	IGKJ1*01	IGKC	assemble2055	0
6	4.115226e-03	TGTCAGCAGCATGGTAACTCAGTCACCTTC	CQQHGNSVTF	IGKV3-20*01	.	.	.	assemble1020	0
6	4.115226e-03	TGTCAACAGAGTTACACTACGACCTGGACGTTC	CQQSYTTTWTF	IGKV1-39*01	.	IGKJ1*01	IGKC	assemble648	0
6	4.115226e-03	TGTCAGCAGCGTACCAGCTGGTTCAGTTTC	CQQRTSWFSF	IGKV3-11*01	.	IGKJ3*01	IGKC	assemble870	0
6	4.115226e-03	TGCCAACACCATAATACTTATTCTCTGACGTGGGCGTTC	CQHHNTYSLTWAF	IGKV1-5*01	.	IGKJ1*01	IGKC	assemble720	0
6	4.115226e-03	TGCATGCAAGCTCTACAAACTCTTTACACTTTT	CMQALQTLYTF	IGKV2-28*01	.	IGKJ2*01	IGKC	assemble47	0
6	4.115226e-03	TGTCAGCAGTATCATACCTGGTACACTTTT	CQQYHTWYTF	IGKV3-15*01	.	IGKJ2*01	IGKC	assemble1155	0
6	4.115226e-03	TGTCAGTACTATGGTAGTTCACCTATCACCTTC	CQYYGSSPITF	IGKV3-20*01	.	IGKJ5*01	IGKC	assemble713	0
5	3.779150e-03	TGCTGCTCATATGTAGGGGACTACACTTTAGTTGTCTTC	CCSYVGDYTLVVF	IGLV2-11*01	.	IGLJ1*01	IGLC	assemble93	0
5	3.724280e-03	TGCCAAAGGTGTAATACCTACCCGTACACTTTT	CQRCNTYPYTF	IGKV1-13*01	.	IGKJ2*01	IGKC	assemble108	0
5	3.429355e-03	TGTCAGCAATATCATAGTGCTCCCACCTTC	CQQYHSAPTF	IGKV4-1*01	.	IGKJ5*01	IGKC	assemble95	0
5	3.429355e-03	TGTCAGTAACTGGCCTCTCACTTTC	out_of_frame	IGKV3-15*01	.	IGKJ4*01	IGKC	assemble861	0
5	3.429355e-03	TGCAGCTCATATACAGGCAGAATCACTCCTGTGGTATTC	CSSYTGRITPVVF	IGLV2-14*01	.	IGLJ2*01	IGLC	assemble715	0
5	3.429355e-03	TGTCAACAGTATAGTAGCTCACTCACTTTC	CQQYSSSLTF	IGKV3-20*01	.	IGKJ4*01	IGKC	assemble1121	0
5	3.429355e-03	TGTCAACAGAGTTACACTTCCCCTCTGACTTTT	CQQSYTSPLTF	IGKV1-39*01	.	IGKJ2*01	IGKC	assemble2510	0
5	3.429355e-03	TGTCAGCAGTATGGTAGCTCACCGATGTACACTTTT	CQQYGSSPMYTF	IGKV3-20*01	.	IGKJ2*01	IGKC	assemble776	0
5	3.429355e-03	TGTCAGCAGTATGGTAGCTCACCTCACTTT	CQQYGSSPHF	IGKV3-20*01	.	IGKJ4*01	IGKC	assemble777	0
5	3.429355e-03	TGTCAACAGAGTTACCCCCCCGGGATGTTC	CQQSYPPGMF	IGKV1-39*01	.	IGKJ1*01	IGKC	assemble931	0
5	3.429355e-03	TGTTCAACATGGGGCTGTAGGCTCAGTGCTCATGTTGTTC	out_of_frame	IGLV10-54*01	.	IGLJ3*02	IGLC	assemble959	0
5	3.429355e-03	TGCATGCAAGGTACACACTGGCTGTACACTTTT	CMQGTHWLYTF	IGKV2-30*01	.	IGKJ2*01	IGKC	assemble869	0
5	3.429355e-03	TGTCAACAATATTATTATATCCCATACACTTTT	CQQYYYIPYTF	IGKV1-17*02	.	IGKJ2*01	IGKC	assemble852	0
5	3.429355e-03	TGTGTCCTATATATGGGTAGTGGCATTTGGGTGTTC	CVLYMGSGIWVF	IGLV8-61*01	.	IGLJ3*02	IGLC	assemble1656	0
5	1.879699e-02	TGTGCAAGAGTATCTTTCGTATGGACGTCTGG	out_of_frame	IGHV3-74*01	IGHD2/OR15-2b*01	IGHJ6*02	.	assemble1169	0
5	3.429355e-03	TGTCAAGTGTGGGATATTAGTGATCATGTTATATTC	CQVWDISDHVIF	IGLV3-21*02	.	IGLJ2*01	IGLC	assemble1257	0
5	3.429355e-03	TTTCAACAGTCTTGTCATTATGCCTCTATTCACTTTC	out_of_frame	IGKV1-8*01	.	IGKJ3*01	IGKC	assemble934	0
5	3.429355e-03	TGTCAGCAGTATATAGCTCACCGCTCACTTTC	out_of_frame	IGKV3-20*01	.	IGKJ4*01	IGKC	assemble917	0
5	3.429355e-03	TGCATGCAAATTCTAGAAACTCCGTTCATTTTT	CMQILETPFIF	IGKV2-28*01	.	IGKJ2*01	IGKC	assemble1402	0
5	3.429355e-03	TGCCAACAGTATATTAGTTATTCTCGAACGTTC	CQQYISYSRTF	IGKV1-5*01	.	IGKJ1*01	IGKC	assemble755	0
5	1.879699e-02	TGTGCACACAAGAACTATGGTGACCTCTGGAGTATGCACGTCTGG	CAHKNYGDLWSMHVW	IGHV2-5*01	IGHD4-17*01	IGHJ6*02	.	assemble1160	0
5	3.429355e-03	TGCCAACAGTAGTAGTTATTCTCCGTCCACTTTT	out_of_frame	IGKV1-5*01	.	IGKJ2*01	IGKC	assemble849	0
4	3.203018e-03	TGTCAACAGACCTTTCTCTTCCCCTTCACTTTC	CQQTFLFPFTF	IGKV1-39*01	.	IGKJ3*01	IGKC	assemble141	0
4	3.086420e-03	TGTCAACAGTCTTACAGTCCCCCGTGGACGTTC	CQQSYSPPWTF	IGKV1-39*01	.	IGKJ1*01	IGKC	assemble72	0
4	2.990398e-03	TGTCAACACCTTAATACTTACCCATTCACCTTC	CQHLNTYPFTF	IGKV1-9*01	.	IGKJ3*01	IGKC	assemble787	0
4	2.818930e-03	TGCCAACAGTATAATAGTTATTCTATATGGACGTTC	CQQYNSYSIWTF	IGKV1-5*03	.	IGKJ1*01	IGKC	assemble12	0
4	2.818930e-03	TGCCAACAGTATAATATTTATTCTATGTGGACGTTC	CQQYNIYSMWTF	IGKV1-5*03	.	IGKJ1*01	IGKC	assemble12	0
4	2.743484e-03	TGTTAACAGAGTTACACTACGACCTGGACGTTC	C_QSYTTTWTF	IGKV1-39*01	.	IGKJ1*01	IGKC	assemble648	0
4	6.666667e-01	TGTGCCTTGGGAGGGGGGATTGTTATTATAAGAAACTCTTT	out_of_frame	TRGV9*01	.	TRGJ1*02	TRGC	assemble1268	0
4	1.503759e-02	TGTGCGAGACATCTGACTTATTACTATGGTTCGATAGAGGACTACTGG	CARHLTYYYGSIEDYW	IGHV4-30-2*03	IGHD3-10*01	IGHJ4*01	.	assemble1278	0
4	2.743484e-03	TGTCAGCAGTATAATACCTGGCCTCTCACTTTC	CQQYNTWPLTF	IGKV3-15*01	.	IGKJ4*01	IGKC	assemble1698	0
4	2.743484e-03	TTCATGCAAACTCTAGAAACTCCGTTCACTTTT	FMQTLETPFTF	IGKV2-28*01	.	IGKJ2*01	IGKC	assemble81	0
4	2.743484e-03	TGTCTACAAGACTACAGTTACCCCTTCACTTTC	CLQDYSYPFTF	IGKV1-6*01	.	IGKJ3*01	IGKC	assemble1251	0
4	2.743484e-03	TGTCAACAATATTATTATATTCCATACACTTTT	CQQYYYIPYTF	IGKV1-NL1*01	.	IGKJ2*01	IGKC	assemble1114	0
4	2.743484e-03	TGTCAGCAGTATTGTAGCTTACCGCTCACTTTC	CQQYCSLPLTF	IGKV3-20*01	.	IGKJ4*01	IGKC	assemble105	0
4	2.743484e-03	TGTCAACAGAGTTCCAGTCGCCTTCGTACCTTC	CQQSSSRLRTF	IGKV1-39*01	.	IGKJ5*01	IGKC	assemble799	0
4	2.743484e-03	TGTCATCAATATTTTAGTACTCCGACGTTC	CHQYFSTPTF	IGKV4-1*01	.	IGKJ1*01	IGKC	assemble630	0
4	1.503759e-02	TGTGCGAAAGGACCCTGGATGTACTTTGAGTCCTGG	CAKGPWMYFESW	IGHV4-59*09	IGHD3-22*01	IGHJ4*02	.	assemble1252	0
4	2.743484e-03	TGTCAACAGACTTACACTACCCTCAAGACTTTT	CQQTYTTLKTF	IGKV1-8*01	.	IGKJ2*01	IGKC	assemble1282	0
4	2.743484e-03	TGTCAACAGAGTTACAGTAACCCCTACACTTTT	CQQSYSNPYTF	IGKV1-39*01	.	IGKJ2*01	IGKC	assemble1232	0
4	2.743484e-03	TGTCAGCAGTATGATATTACTCCTCAATACACTTTT	CQQYDITPQYTF	IGKV4-1*02	.	IGKJ2*01	IGKC	assemble1281	0
4	2.743484e-03	TGTCAACAATTTAACAGTGTCCCTTTCACTTTC	CQQFNSVPFTF	IGKV1-27*01	.	IGKJ4*01	IGKC	assemble2499	0
4	2.743484e-03	TGCCAACAGTATAGTAGTTATTCTCGAACTTTC	CQQYSSYSRTF	IGKV1-5*01	.	IGKJ1*01	IGKC	assemble755	0
4	2.743484e-03	TGCATGCAAGCTCTACAAATCCCGCTCACTTTC	CMQALQIPLTF	IGKV2-18*01	.	IGKJ4*01	IGKC	assemble2137	0
4	1.600000e-01	TGTGCCGTCCCTTCAAACAAGCTGGTCTTT	CAVPSNKLVF	TRAV12-2*01	.	TRAJ47*02	.	assemble1742	0
4	2.743484e-03	TGTCTACAGGATTACAATTACCCTCGGACGTTC	CLQDYNYPRTF	IGKV1-6*01	.	IGKJ1*01	IGKC	assemble1845	0
4	1.503759e-02	TGTGCGAGAGATTTCCGAGGTGGCTATGGTTCTTTTGATATCTGG	CARDFRGGYGSFDIW	IGHV3-21*01	IGHD3-10*01	IGHJ3*02	IGHA1	assemble1702	0
4	2.743484e-03	TGTCAGCATTACGATAATCTCCCGATCACCTTC	CQHYDNLPITF	IGKV1-33*01	.	IGKJ5*01	IGKC	assemble1163	0
4	2.743484e-03	TCCCAACAGTATAAGGATTATTGGACGTTC	SQQYKDYWTF	IGKV1-16*01	.	IGKJ1*01	IGKC	assemble1078	0
3	2.489712e-03	TGTCAACATAGTTACGGTAGTCCTCCCACTTTT	CQHSYGSPPTF	IGKV1-39*01	.	IGKJ2*01	IGKC	assemble60	0
3	2.318244e-03	TGTCAACAGAGTTACATTCCCCTTTACACTTTT	CQQSYIPLYTF	IGKV1-39*01	.	IGKJ2*01	IGKC	assemble38	0
3	2.283951e-03	TGTCTGCAAGATTACACTTATCCCTGGACTTTC	CLQDYTYPWTF	IGKV1-6*01	.	IGKJ3*01	IGKC	assemble350	0
3	2.263374e-03	TGCCAACAGTATAAGGATTATTGCACGTTC	CQQYKDYCTF	IGKV1-16*01	.	IGKJ1*01	IGKC	assemble1078	0
3	2.057613e-03	TGCTTACAACGCATAAAGTTTCCCCTCACTTTC	CLQRIKFPLTF	IGKV2-40*01	.	IGKJ4*01	IGKC	assemble2583	0
3	2.057613e-03	TGTCAACAATATTATAGTATTCCTATCACTTTC	CQQYYSIPITF	IGKV4-1*01	.	IGKJ4*01	IGKC	assemble2597	0
3	2.057613e-03	TGTCAACAATATTTTAGTACCCCTCACAGGACCTTC	CQQYFSTPHRTF	IGKV1-NL1*01	.	IGKJ5*01	IGKC	assemble34	0
3	2.057613e-03	TGTCAGCAGTATGGTAGCTCACCTATGTACTCTTTT	CQQYGSSPMYSF	IGKV3-20*01	.	IGKJ2*01	IGKC	assemble776	0
3	2.057613e-03	TGTCAGCAGTATGGTAGCTCACCTCTTCTCACTTTC	CQQYGSSPLLTF	IGKV3-20*01	.	IGKJ4*01	IGKC	assemble1415	0
3	2.057613e-03	TGTCAGCAGTATGGTAGCTCACCCATGTACTCTTTT	CQQYGSSPMYSF	IGKV3-20*01	.	IGKJ2*01	IGKC	assemble776	0
3	2.057613e-03	TGTCAACAGAGTTCCACTACCCCTTCGACTTTT	CQQSSTTPSTF	IGKV1-39*01	.	IGKJ2*01	IGKC	assemble1767	0
3	2.057613e-03	TGTCAGCAATATAATACCTGGCCGCCGATCACCTTC	CQQYNTWPPITF	IGKV3-15*01	.	IGKJ5*01	IGKC	assemble1566	0
3	2.057613e-03	TGCCAGTCTTATGACATCAGCCTGAGTGGTGTGTATTC	out_of_frame	IGLV1-40*01	.	IGLJ2*01	IGLC	assemble2114	0
3	2.057613e-03	TGCATGGCAGCTCTACAAACCCCTTCGGGGTCGTTT	CMAALQTPSGSF	IGKV2-28*01	.	IGKJ1*01	IGKC	assemble1119	0
3	2.057613e-03	TTCATCAGTATGGTAGTCCATTCACTTTC	out_of_frame	IGKV3-20*01	.	IGKJ3*01	IGKC	assemble1779	0
3	2.057613e-03	TGTCATCATTATCATAATTGGCCTCCCTACTTCACTTTC	CHHYHNWPPYFTF	IGKV3-15*01	.	IGKJ4*01	IGKC	assemble1796	0
3	2.057613e-03	TGCGTAACTTGGGATAGCAGCCTGAGTGCTGGCGTCTTC	CVTWDSSLSAGVF	IGLV1-51*01	.	IGLJ1*01	IGLC	assemble2524	0
3	2.057613e-03	TGTCAGCAGTCATAACTGGCCTCTCACTTTC	out_of_frame	IGKV3-15*01	.	IGKJ4*01	IGKC	assemble2968	0
3	1.127820e-02	TGTGCAACAGACTTATCAGCGCTTAGTGGTTGGAAGTACTGG	CATDLSALSGWKYW	IGHV1-24*01	IGHD1-7*01	IGHJ4*01	.	assemble1780	0
3	2.057613e-03	TGTCTGCAGTACGGCAGCTCACCTAGGACGTTC	CLQYGSSPRTF	IGKV3-20*01	.	IGKJ1*01	IGKC	assemble1701	0
2	1.941015e-03	TGTCAAAACTATGATAATCGCGGAGTGTTCACATTA	CQNYDNRGVFTL	IGKV1-33*01	.	IGKJ4*01	IGKC	assemble65	0
2	1.618656e-03	TGCCAACAGTATAATAGTTATTCTATGTGGACTTTC	CQQYNSYSMWTF	IGKV1-5*03	.	IGKJ1*01	IGKC	assemble12	0
2	1.618656e-03	TGCCAACAGTATAATAGTTATTCTATGTGGACGTTT	CQQYNSYSMWTF	IGKV1-5*03	.	IGKJ1*01	IGKC	assemble12	0
2	1.598080e-03	TGTCAACAGACCTTTCTCTTCCCCTTTACTTTC	CQQTFLFPFTF	IGKV1-39*01	.	IGKJ3*01	IGKC	assemble141	0
2	1.488340e-03	TGCCAACAGTATAATGCTTACCCGTACACTTTT	CQQYNAYPYTF	IGKV1-13*01	.	IGKJ2*01	IGKC	assemble108	0
2	1.454047e-03	TGTCAACAGTATGATAAGTCAGTCTTTTTT	CQQYDKSVFF	IGKV3-20*01	.	IGKJ2*01	IGKC	assemble122	0
2	7.932331e-03	TGTGTGAAAGACTATACCAGCAGATACTATTACGCTATGCACGTCTGG	CVKDYTSRYYYAMHVW	IGHV1-69*01	IGHD6-25*01	IGHJ6*02	.	assemble150	0
2	1.371742e-03	TGCATGCAAGGTTCATTCTGGCCTCCGTACACTTTT	CMQGSFWPPYTF	IGKV2-30*01	.	IGKJ2*01	IGKC	assemble2745	0
2	1.371742e-03	TGTCTGCAGTACGGCAGCTCACTTAGGACGTTC	CLQYGSSLRTF	IGKV3-20*01	.	IGKJ1*01	IGKC	assemble1701	0
2	1.371742e-03	TGTCAACAGAGTTCCAGTCGCTTTCGTACCTTC	CQQSSSRFRTF	IGKV1-39*01	.	IGKJ5*01	IGKC	assemble799	0
2	1.371742e-03	TGTCAGCAGTATAATAACTGGCCGGGGACGTTT	CQQYNNWPGTF	IGKV3-15*01	.	IGKJ1*01	IGKC	assemble2575	0
2	1.371742e-03	TCATGCAAACTCTAGAAACTCCGTTCACTTTT	out_of_frame	IGKV2-30*01	.	IGKJ2*01	IGKC	assemble2588	0
2	1.371742e-03	TGTCAACAGTATTATAGTACCCCTCCGGCACTTTT	out_of_frame	IGKV1-NL1*01	.	IGKJ2*02	IGKC	assemble2700	0
2	1.371742e-03	TGTCAACAGTATGATAAGTCAGTCTCTTTT	CQQYDKSVSF	IGKV3-15*01	.	IGKJ2*01	IGKC	assemble3382	0
2	7.692308e-02	TGTGCCAGCAGCTTACTGACGGACCTACCTGAAGCTTTCTTT	CASSLLTDLPEAFF	TRBV7-8*01	.	TRBJ1-1*01	TRBC	assemble2658	0
2	1.371742e-03	TGTCAACAGTTTGATAGTTACCCGCTCACTTTC	CQQFDSYPLTF	IGKV1-8*01	.	IGKJ4*01	IGKC	assemble2791	0
2	7.518797e-03	TGTGCAAAGGATTTGGATTTAATTAACGATGCTTTTGATATTTGG	CAKDLDLINDAFDIW	IGHV3-74*01	IGHD3/OR15-3b*01	IGHJ3*02	.	assemble3553	0
2	1.371742e-03	TGTTCGACATGGGATGACAGCCTGAATGGTCGGGTGTTC	CSTWDDSLNGRVF	IGLV1-44*01	.	IGLJ3*02	IGLC	assemble4035	0
2	1.371742e-03	TGTCAGCAGCATAATAACTCGCCAACTTTC	CQQHNNSPTF	IGKV3-15*01	.	IGKJ3*01	IGKC	assemble1097	0
2	7.518797e-03	TGTACTAGAGATTTCGGTGGGAGCTACTCTGATGCTTTTGACATCTGG	CTRDFGGSYSDAFDIW	IGHV3-49*01	IGHD1-26*01	IGHJ3*02	.	assemble3033	0
2	1.371742e-03	TGCATGCAAACTCTAGAAACTCCGTTTACTTTT	CMQTLETPFTF	IGKV2-28*01	.	IGKJ2*01	IGKC	assemble81	0
2	1.371742e-03	TGCCAGTCCTATGACAAAAGTCTGAGTGATTTTTGGGTGTTC	CQSYDKSLSDFWVF	IGLV1-40*01	.	IGLJ3*02	IGLC	assemble2843	0
2	1.371742e-03	TGTCAGCAACGTGGCAACTGGCCTCCATTCACTTTC	CQQRGNWPPFTF	IGKV3-11*01	.	IGKJ4*01	IGKC	assemble2337	0
2	7.518797e-03	TGTGCGAGAATGCACGGTGGCCGATATTTTTCTGACTTCTGG	CARMHGGRYFSDFW	IGHV1-18*01	IGHD2-8*02	IGHJ4*02	.	assemble3961	0
2	1.371742e-03	TGTCAACAGAGTCACAGTCCCCCGTATACTTTT	CQQSHSPPYTF	IGKV1-39*01	.	IGKJ2*01	IGKC	assemble2753	0
2	1.371742e-03	TGCCAGTCCTATGACGGCAGCCTGAGTAGTCCTCATTGGGTGTTC	CQSYDGSLSSPHWVF	IGLV1-40*01	.	IGLJ3*02	IGLC	assemble3968	0
2	1.371742e-03	TGTCAGGTGTGGGATAGTACTGGTGATCATTATTTCTTC	CQVWDSTGDHYFF	IGLV3-21*02	.	.	.	assemble4722	0
2	1.371742e-03	TGTGCATCGTGGGATGACAGCCTGAATGGTTGGGTGTTC	CASWDDSLNGWVF	IGLV1-44*01	.	IGLJ3*02	IGLC	assemble4533	0
2	1.371742e-03	TGCCAACAGTATAAGGATTATTCGACGTTC	CQQYKDYSTF	IGKV1-5*01	.	IGKJ1*01	IGKC	assemble3450	0
2	1.371742e-03	TGTCAGTACTATGTTAGCCTACTTACGTGGACGTTC	CQYYVSLLTWTF	IGKV3-20*01	.	IGKJ1*01	IGKC	assemble398	0
2	1.371742e-03	TGTCAGCAATATTTTAGTACTCTGACGTTC	CQQYFSTLTF	IGKV4-1*01	.	IGKJ1*01	IGKC	assemble2247	0
2	1.371742e-03	TGTCAGCAGTATGATAACTGGCCTCTCACTTTT	CQQYDNWPLTF	IGKV3-15*01	.	IGKJ4*01	IGKC	assemble49	0
2	1.371742e-03	TGTCAACAGGTATATTCTTTCCCGCTCACTTTC	CQQVYSFPLTF	IGKV1-12*01	.	IGKJ4*01	IGKC	assemble2910	0
2	1.371742e-03	TGTCAACAGCTTAATAGTTACCCTCGAACTTTT	CQQLNSYPRTF	IGKV1-9*01	.	IGKJ2*01	IGKC	assemble2568	0
2	1.371742e-03	TGTCAACAGACTTACACTACCCTCAAAACTTTT	CQQTYTTLKTF	IGKV1-8*01	.	IGKJ2*01	IGKC	assemble2621	0
2	1.371742e-03	TGTCAGGCGTGGGACAGCAGCACTTATGTGGTATTC	CQAWDSSTYVVF	IGLV3-1*01	.	IGLJ2*01	IGLC	assemble2790	0
2	1.371742e-03	TGCATGCAAACTCTAGAAATTCCGTTCACTTTT	CMQTLEIPFTF	IGKV2-28*01	.	IGKJ2*01	IGKC	assemble81	0
2	1.371742e-03	TGTCAGCAGTATGATACCTGGTACACTTTT	CQQYDTWYTF	IGKV3-15*01	.	IGKJ2*01	IGKC	assemble2809	0
2	1.371742e-03	TGTGAACATGGGATAACAGCCTCAGTGGTCGTTACGTCTTC	out_of_frame	IGLV1-51*01	.	IGLJ1*01	IGLC	assemble2923	0
2	1.371742e-03	TGTCAGCATTATAATAACTGGCCTCTCACCTTC	CQHYNNWPLTF	IGKV3-15*01	.	IGKJ5*01	IGKC	assemble4298	0
2	1.371742e-03	TGCCAACAGTATAATAGTTATCCGTATACTTTT	CQQYNSYPYTF	IGKV1-5*01	.	IGKJ2*01	IGKC	assemble2123	0
2	1.371742e-03	TGTCAGCAATATTTTAGTACTTTC	CQQYFSTF	IGKV4-1*01	.	IGKJ3*01	IGKC	assemble2523	0
2	1.371742e-03	TGTCTCCGTTATGGTGACTTACCAGAGTACACTTTT	CLRYGDLPEYTF	IGKV3-20*01	.	IGKJ2*01	IGKC	assemble2730	0
2	1.371742e-03	TGTCAGCAATATTATAGTACTCCGCTCACTTTC	CQQYYSTPLTF	IGKV4-1*01	.	IGKJ4*01	IGKC	assemble2752	0
2	1.371742e-03	TGCATTCAAACTCTAGAAACTCCGTTCACTTTT	CIQTLETPFTF	IGKV2-28*01	.	IGKJ2*01	IGKC	assemble81	0
2	1.371742e-03	TCATGCAAGGTACACACTGGCCTCTCACTTTT	out_of_frame	IGKV2-30*01	.	IGKJ2*01	IGKC	assemble2979	0
2	1.371742e-03	TGCCAGTCTTATGACAACAGACTGAGTCATTGGGTGTTC	CQSYDNRLSHWVF	IGLV1-40*01	.	IGLJ3*02	IGLC	assemble2253	0
2	1.371742e-03	TGTCAACAATATTATTATATCCCATACACTTTT	CQQYYYIPYTF	IGKV1-NL1*01	.	IGKJ2*01	IGKC	assemble2369	0
2	1.371742e-03	TGTCAACAGTATAGTAGTTATCCGTGGACGTTC	CQQYSSYPWTF	IGKV1-5*01	.	IGKJ1*01	IGKC	assemble4053	0
2	1.371742e-03	TGCTGCTCATATGCAGGGACTACACTTTAGTTGTCTTC	out_of_frame	IGLV2-11*01	.	IGLJ1*01	IGLC	assemble2207	0
2	1.371742e-03	TGCCAGTCCTTTGACAGCAGCTTGAGTGCTGCGGTGTTC	CQSFDSSLSAAVF	IGLV1-40*01	.	IGLJ6*01	IGLC	assemble2942	0
2	1.371742e-03	TGCATGCAAACTCTAGAAACTCCGTTCACTTTT	CMQTLETPFTF	IGKV2D-29*02	.	IGKJ2*01	IGKC	assemble2150	0
2	7.518797e-03	TGTGCGAGAGATCGTACGATTTTTGGAGTGGTCAACAACTGGTTCGACCCCTGG	CARDRTIFGVVNNWFDPW	IGHV1-3*01	IGHD3-3*01	IGHJ5*02	.	assemble2748	0
2	1.371742e-03	TGTCAACAGGCTAACAGTTTCCCTCTCACTTTC	CQQANSFPLTF	IGKV1-12*01	.	IGKJ4*01	IGKC	assemble2970	0
2	1.371742e-03	TTCGCCTCATATACAAGCAGCGCCACTCTGGTTTTC	FASYTSSATLVF	IGLV2-5*01	.	IGLJ2*01	IGLC	assemble2852	0
2	1.371742e-03	CCAACAGTATAATAGTTATTCTATGTGGACGTTT	out_of_frame	IGKV1-5*01	.	IGKJ1*01	IGKC	assemble2490	0
2	1.371742e-03	TGTCAGGCCTATAACAGGGACCCTCAAATGTTC	CQAYNRDPQMF	IGKV1-27*01	.	IGKJ1*01	IGKC	assemble2612	0
1	1.172840e-03	TGCATGCAACGTTTAGACTTTTCGATCACCTTC	CMQRLDFSITF	IGKV2-40*01	.	IGKJ5*01	IGKC	assemble172	0
1	1.159122e-03	TGTCAACAGAGTTACAGTCCGCTTTACACTTTT	CQQSYSPLYTF	IGKV1-39*01	.	IGKJ2*01	IGKC	assemble38	0
1	1.159122e-03	TGTTAACAGAGTTACAGTCCCTTTTACACTTTT	C_QSYSPFYTF	IGKV1-39*01	.	IGKJ2*01	IGKC	assemble38	0
1	1.159122e-03	TGTCGACAGAGTTACAGTCCCCTTTACACTTTT	CRQSYSPLYTF	IGKV1-39*01	.	IGKJ2*01	IGKC	assemble38	0
1	1.145405e-03	TGTCTGCAAGATTACACTTATCCCTGGATTTTC	CLQDYTYPWIF	IGKV1-6*01	.	IGKJ3*01	IGKC	assemble350	0
1	1.111111e-03	TGTCAATAGAGTTACAGTACCCCCGGGACGTTC	CQ_SYSTPGTF	IGKV1-39*01	.	IGKJ1*01	IGKC	assemble1080	0
1	1.028807e-03	TGTCAACACTATTATACTTCCCCGTGGACGTTC	CQHYYTSPWTF	IGKV1-39*01	.	IGKJ1*01	IGKC	assemble72	0
1	9.807956e-04	TGTCAGCAGTATAATAACTGGCCTCGGACGTTC	CQQYNNWPRTF	IGKV3-15*01	.	IGKJ1*01	IGKC	assemble684	0
1	9.122085e-04	TGTCTACAGCATGATAGTTACTCTCTGACGTTC	CLQHDSYSLTF	IGKV1-17*01	.	IGKJ1*01	IGKC	assemble298	0
1	8.299040e-04	TGTCAACAGAGTTACGATAGTCCTCCCACTTTT	CQQSYDSPPTF	IGKV1-39*01	.	IGKJ2*01	IGKC	assemble60	0
1	8.299040e-04	TGTCAACAGAGTTACGCTAGTCCTCCCACTTTT	CQQSYASPPTF	IGKV1-39*01	.	IGKJ2*01	IGKC	assemble60	0
1	7.956104e-04	TGCCAATAGTATAATAGTTATTCTATGTGGACGTTC	CQ_YNSYSMWTF	IGKV1-5*03	.	IGKJ1*01	IGKC	assemble12	0
1	7.681756e-04	TGCCAACAATATAATAATTATTCTCCGTCGTGGACGTCC	CQQYNNYSPSWTS	IGKV1-5*01	.	IGKJ1*01	IGKC	assemble1095	0
1	7.544582e-04	TGCCAGTCTTATGACATCAGCCTGATTGGTGTGGTATTC	CQSYDISLIGVVF	IGLV1-40*01	.	IGLJ2*01	IGLC	assemble79	0
1	7.544582e-04	TGCCAGTCTTATGACATCAGCCTGAGTGGTATGGTATTC	CQSYDISLSGMVF	IGLV1-40*01	.	IGLJ2*01	IGLC	assemble79	0
1	7.544582e-04	TGCCAGTCTTATGACATCAGCCTGAGTGGTGTGGTATCC	CQSYDISLSGVVS	IGLV1-40*01	.	IGLJ2*01	IGLC	assemble79	0
1	7.544582e-04	TGCCAGTCTTATGACATCAGCCTGAGTGGTGTGGTATGC	CQSYDISLSGVVC	IGLV1-40*01	.	IGLJ2*01	IGLC	assemble79	0
1	7.475995e-04	TTCCAAAGGTGTAATACTTACCCGTACACTTTT	FQRCNTYPYTF	IGKV1-13*01	.	IGKJ2*01	IGKC	assemble108	0
1	7.475995e-04	TGCCAAAGGTTTAATACCTACCCGTACACTTTT	CQRFNTYPYTF	IGKV1-13*01	.	IGKJ2*01	IGKC	assemble108	0
1	7.407407e-04	TGCTGCTCATATGCACGTGACTACACTTTAGTTGTCTTC	CCSYARDYTLVVF	IGLV2-11*01	.	IGLJ1*01	IGLC	assemble93	0
1	7.338820e-04	TGTCAACAGAGTTACGGTAGTCCTTCCACTTTT	CQQSYGSPSTF	IGKV1-39*01	.	IGKJ2*01	IGKC	assemble60	0
1	7.270233e-04	TGTCAACAGTATGATAAGTCTGTCTCTTTT	CQQYDKSVSF	IGKV3-20*01	.	IGKJ2*01	IGKC	assemble122	0
1	7.201646e-04	TGCTAACAGTATAATAGTTATTCTATGTGGACGTTC	C_QYNSYSMWTF	IGKV1-5*03	.	IGKJ1*01	IGKC	assemble12	0
1	6.858711e-04	TGTCAGGTGTTGGATAGAAGTAGTGATCATTATGTCTTC	CQVLDRSSDHYVF	IGLV3-21*02	.	IGLJ1*01	IGLC	assemble1816	0
1	6.858711e-04	TGCCAGTCTTGACATCAGCCTGAGTGGTGTGGTATTC	out_of_frame	IGLV1-40*01	.	IGLJ2*01	IGLC	assemble3299	0
1	6.858711e-04	TGCCAACAGTATAGTAGTTATTCTCGAACGTTC	CQQYSSYSRTF	IGKV1-5*01	.	IGKJ1*01	IGKC	assemble3724	0
1	6.858711e-04	TTCCAGTCTTATGACATCAGCCTGAGTGGTGTGGTATTC	FQSYDISLSGVVF	IGLV1-40*01	.	IGLJ2*01	IGLC	assemble79	0
1	6.858711e-04	TGTCAGAGTTACACTTCCCCTTTT	CQSYTSPF	IGKV1-39*01	.	IGKJ2*01	IGKC	assemble4327	0
1	6.858711e-04	TGCGGAACATGGGATAGTAGTCAGTGCTCATGTCTTC	out_of_frame	IGLV10-54*01	.	IGLJ1*01	IGLC	assemble4531	0
1	6.858711e-04	TGTCAGCAGCGTAGCAACCCCCCTCACTTTC	out_of_frame	IGKV3-11*01	.	IGKJ4*01	IGKC	assemble3381	0
1	6.858711e-04	TGCATGCAAGGTACACACTGGCCTCCAGGCACCTTC	CMQGTHWPPGTF	IGKV2-30*01	.	IGKJ5*01	IGKC	assemble3983	0
1	3.759398e-03	TGTGCGGCCGCCCGGATGATTACATGGACCGACTGGTTCGACCCCTGG	CAAARMITWTDWFDPW	IGHV3-23*01	IGHD3-16*03	IGHJ5*02	.	assemble4496	0
1	6.858711e-04	TGCCAAAGGTGTAATACCTACCCGTATACTTTT	CQRCNTYPYTF	IGKV1-13*01	.	IGKJ2*01	IGKC	assemble108	0
1	6.858711e-04	TGCATGCAAGCTCTACAAACTCTGTACACCTTT	CMQALQTLYTF	IGKV2-28*01	.	IGKJ2*01	IGKC	assemble47	0
1	6.858711e-04	TGTCAACAGTATTGTAGCTTACCGCTCACTTTC	CQQYCSLPLTF	IGKV3-20*01	.	IGKJ4*01	IGKC	assemble105	0
1	6.858711e-04	TGCAGCTCATATACAGGCAGAATCACTCGTGTGGTTTTC	CSSYTGRITRVVF	IGLV2-14*01	.	IGLJ2*01	IGLC	assemble715	0
1	4.000000e-02	TGTGCTCTGAGTGATAATAATGCGAACAACAGACTCGCTTTT	CALSDNNANNRLAF	TRAV9-2*01	.	TRAJ7*01	.	assemble4868	0
1	3.846154e-02	TGTGCCAGCAGCTTACTGACGTACCTACCTGAAGCTTTCTTT	CASSLLTYLPEAFF	TRBV7-8*01	.	TRBJ1-1*01	TRBC	assemble2658	0
1	6.858711e-04	TGTCAGCAGTATAATAACTGGCCTCCTCACTTTC	out_of_frame	IGKV3-15*01	.	IGKJ4*01	IGKC	assemble3453	0
1	6.858711e-04	TGCATGCAAACTCTAGAAACTTCGTTCACTTTT	CMQTLETSFTF	IGKV2-28*01	.	IGKJ2*01	IGKC	assemble81	0
1	6.858711e-04	TCAGGTGTTGGATAGTAGTAGTGCTCATGTGGTATTT	out_of_frame	IGLV3-21*02	.	IGLJ2*01	IGLC	assemble3573	0
1	6.858711e-04	TGTCTGCAGTACGGCAGCTTACCTAGGACGTTC	CLQYGSLPRTF	IGKV3-20*01	.	IGKJ1*01	IGKC	assemble1701	0
1	6.858711e-04	TGTCAGCAGTATTATAACTGGCCTCTCACTTTC	CQQYYNWPLTF	IGKV3-15*01	.	IGKJ4*01	IGKC	assemble49	0
1	6.858711e-04	TGTTAGCAGTATAATAAGTGGCCTATCACTTTC	C_QYNKWPITF	IGKV3-15*01	.	IGKJ4*01	IGKC	assemble3974	0
1	6.858711e-04	TGTCAACAGAGTTCCTGTCGCCTTCGTACCTTC	CQQSSCRLRTF	IGKV1-39*01	.	IGKJ5*01	IGKC	assemble799	0
1	6.858711e-04	TGTCAGCAGTATAATCACTGGCCGACGTTC	CQQYNHWPTF	IGKV3-15*01	.	IGKJ1*01	IGKC	assemble3946	0
1	6.858711e-04	TGCTCATATGCAGGGGACTACACTTTAGTTGTCTTC	CSYAGDYTLVVF	IGLV2-11*01	.	IGLJ1*01	IGLC	assemble3484	0
1	3.759398e-03	TGTGCGAGAGAACCTGACTTCGGGGAGCTTGACTACTGG	CAREPDFGELDYW	IGHV3-30*01	IGHD3-10*01	IGHJ4*01	.	assemble4293	0
1	6.858711e-04	TTCAGCAGCGTAGCGACTGGCCTCCCACTTTC	out_of_frame	IGKV3-11*01	.	IGKJ4*01	IGKC	assemble4032	0
1	6.858711e-04	TGTCAGCAGCGTAGCGACTGGCCTCCCACTTTC	CQQRSDWPPTF	IGKV3-11*01	.	IGKJ4*01	IGKC	assemble502	0
1	6.858711e-04	TGTCAGCAGTATGATAACTCACACTCGATCACCTTC	CQQYDNSHSITF	IGKV3-20*01	.	IGKJ5*01	IGKC	assemble4196	0
1	6.858711e-04	TGTCAGGTGTGGGACAATGATAATGATTATATGGTATTC	CQVWDNDNDYMVF	IGLV3-21*01	.	IGLJ2*01	IGLC	assemble4827	0
1	6.858711e-04	TGTCAGTACTATGTTAGCCCACTTACGTGGACGTTC	CQYYVSPLTWTF	.	.	IGKJ1*01	IGKC	assemble3597	0
1	6.858711e-04	TGTCACTAGTATGGTAGTCCATTCACTTTC	CH_YGSPFTF	IGKV3-20*01	.	IGKJ3*01	IGKC	assemble187	0
1	6.858711e-04	TGTCAGCAGTATGGTGGCTCACCGCTCACTTTC	CQQYGGSPLTF	IGKV3-20*01	.	IGKJ4*01	IGKC	assemble4386	0
1	6.858711e-04	TGCATGCAAGGTACACACTGGCCTCGGGGCACTTTC	CMQGTHWPRGTF	IGKV2-30*01	.	IGKJ4*01	IGKC	assemble3640	0
1	6.858711e-04	TGTCAGCAGTATAATAAGTGGCCTATCACTTTC	CQQYNKWPITF	IGKV3-15*01	.	IGKJ4*01	IGKC	assemble3974	0
1	6.858711e-04	TGCAGCTGCTGCTCATATACAAGGTCCACCTCTCTGGTGGTATTC	CSCCSYTRSTSLVVF	IGLV2-14*01	.	IGLJ2*01	IGLC	assemble269	0
1	6.858711e-04	TGTCAGCAGCGTAGCAACTGGCTCGCGCTCATTTTC	CQQRSNWLALIF	IGKV3-11*01	.	IGKJ4*01	IGKC	assemble1451	0
1	6.858711e-04	TGCATGCAACTCTAGAAACTCCGTTCACTTTT	out_of_frame	IGKV2-28*01	.	IGKJ2*01	IGKC	assemble3388	0
1	6.858711e-04	TGTCAGCAGTATAATAACTTGCCTCCGGTCACTTTC	CQQYNNLPPVTF	IGKV3-15*01	.	IGKJ4*01	IGKC	assemble1136	0
1	6.858711e-04	TATCATCAATATTTTAGTACTCCGACGTTC	YHQYFSTPTF	IGKV4-1*01	.	IGKJ1*01	IGKC	assemble630	0
1	6.858711e-04	TGCCAGTCTTATGACATCAGCCTGAGTGGGCGTATTC	out_of_frame	IGLV1-40*01	.	IGLJ2*01	IGLC	assemble3252	0
1	6.858711e-04	TGTCAACATAGCTACAATACCCCTCGAACGTTC	CQHSYNTPRTF	IGKV1-39*01	.	IGKJ1*01	IGKC	assemble4392	0
1	6.858711e-04	TGTCAACAGTTACGGTAGTCCTCCCACTTTT	out_of_frame	IGKV1-39*01	.	IGKJ2*01	IGKC	assemble4280	0
1	6.858711e-04	TGTCCATCAACAGACACCAGTAATCCTGTCTTC	CPSTDTSNPVF	IGLV3-25*03	.	IGLJ2*01	IGLC	assemble2605	0
1	6.858711e-04	TGTCACCAGTATGGTAGCTCACCGCTCACTTTC	CHQYGSSPLTF	IGKV3-20*01	.	IGKJ4*01	IGKC	assemble105	0
1	6.858711e-04	TGCTCATATGCAGGGGACTACACTTTAGTTGCCTTC	CSYAGDYTLVAF	IGLV2-11*01	.	IGLJ1*01	IGLC	assemble3484	0
1	6.858711e-04	TGTCAGCAGTATCATGACTGCCTCTGCTCACTTTC	out_of_frame	IGKV3-15*01	.	IGKJ4*01	IGKC	assemble4772	0
1	6.858711e-04	TGAAGCTCATATACAGGCAGAATCACTCCTGTGGTATTC	_SSYTGRITPVVF	IGLV2-14*01	.	IGLJ2*01	IGLC	assemble715	0
1	6.858711e-04	TGCCAACAGTATACTTTT	CQQYTF	IGKV1-5*01	.	IGKJ2*01	IGKC	assemble3416	0
1	1.666667e-01	TGTGCCACCTCGGATGGGCGGTTATTATAAGAAACTCTTT	out_of_frame	TRGV4*01	.	TRGJ1*02	TRGC	assemble3786	0
1	6.858711e-04	TGTCAGGTGTGGGATAGAAGTAGTGATCATTATGTCTTC	CQVWDRSSDHYVF	IGLV3-21*02	.	IGLJ1*01	IGLC	assemble1816	0
1	6.858711e-04	TGTCAGTATAATAACTGGCCTCCCGTCACTTTC	CQYNNWPPVTF	IGKV3-15*01	.	IGKJ4*01	IGKC	assemble4845	0
1	6.858711e-04	TCCCAACACTATAGGGATTCTTCGACGTGGACGTTC	SQHYRDSSTWTF	IGKV1-5*01	.	IGKJ1*01	IGKC	assemble3981	0
1	6.858711e-04	TGTCAGCAGTATGTTAGCTCACCCATGTACTCTTTT	CQQYVSSPMYSF	IGKV3-20*01	.	IGKJ2*01	IGKC	assemble776	0
1	6.858711e-04	TGTCAACAGACCTTTTTTCCCCTTCACTTTC	out_of_frame	IGKV1-39*01	.	IGKJ3*01	IGKC	assemble3853	0
1	6.858711e-04	TGCAAACAATATAATAATTATTCTCCGTCGTGGACGTCC	CKQYNNYSPSWTS	IGKV1-5*01	.	IGKJ1*01	IGKC	assemble1095	0
1	3.759398e-03	TGTGCGAGACATTTACCATTCGATGAAGCTTTTGATGTCTGG	CARHLPFDEAFDVW	IGHV7-4-1*01	IGHD5-24*01	IGHJ3*01	.	assemble4669	0
1	6.858711e-04	TGTCAACAGAGTTCCAGTCGTCTTCGTACCTTC	CQQSSSRLRTF	IGKV1-39*01	.	IGKJ5*01	IGKC	assemble799	0
1	6.858711e-04	TGCATGCAAGCTACACAATTTCCTCTGACTTTT	CMQATQFPLTF	IGKV2-24*01	.	IGKJ2*01	IGKC	assemble202	0
1	6.858711e-04	TGTCAGCAGTATGGTAACTCACCTGGGTCCTTC	CQQYGNSPGSF	IGKV3-20*01	.	IGKJ1*01	IGKC	assemble3849	0
1	6.858711e-04	TGTCAGCAGCGTAGCAACTGGCTCGCGCTCAGTTTT	CQQRSNWLALSF	IGKV3-11*01	.	IGKJ4*01	IGKC	assemble1451	0
1	6.858711e-04	TGTCAACAGAGTTACGTAGTCCTCCCACTTTT	out_of_frame	IGKV1-39*01	.	IGKJ2*01	IGKC	assemble3278	0
1	6.858711e-04	TGTCAACAGTATGTAGCTCACTGCTCACTTTC	out_of_frame	IGKV3-20*01	.	IGKJ4*01	IGKC	assemble4387	0
1	6.858711e-04	TGTCAGCAGTATAATCACTGGGCGACGTTC	CQQYNHWATF	IGKV3-15*01	.	IGKJ1*01	IGKC	assemble3946	0
1	6.858711e-04	TGTCAATCAGCAGACAGCATTAGTACTTATGGGGTGTTC	CQSADSISTYGVF	IGLV3-25*01	.	IGLJ3*02	IGLC	assemble4563	0
1	6.858711e-04	TGTCAGCAGTATTTTACTACTCCTCGGACGTTC	CQQYFTTPRTF	IGKV4-1*02	.	IGKJ1*01	IGKC	assemble4406	0
1	6.858711e-04	TGTCAGCAATATAATACCTGGCCGCCGATCATCTTC	CQQYNTWPPIIF	IGKV3-15*01	.	IGKJ5*01	IGKC	assemble1566	0
1	6.858711e-04	TGTCAGCAGTATGGTAACACACCTGGGTCGTTC	CQQYGNTPGSF	IGKV3-20*01	.	IGKJ1*01	IGKC	assemble3849	0
1	6.858711e-04	TGTTACTCTCTGGCTGACAATAATTGGGTGTTC	CYSLADNNWVF	IGLV3-27*01	.	IGLJ3*02	IGLC	assemble4493	0
1	6.858711e-04	TGCTAACAGTATAAGGATTATTGGACGTTC	C_QYKDYWTF	IGKV1-16*01	.	IGKJ1*01	IGKC	assemble1078	0
1	6.858711e-04	TGCCAGTCCTATGACAACAGACTGAGTCATTGGGTGTTC	CQSYDNRLSHWVF	IGLV1-40*01	.	IGLJ3*02	IGLC	assemble2253	0
1	6.858711e-04	TGCATGCAAGCTCTACAAACTCCTCCGACCTTC	CMQALQTPPTF	IGKV2-28*01	.	IGKJ5*01	IGKC	assemble4311	0
1	6.858711e-04	TGTCAACAGAGTTATGTTAGTCCTCCACTTTT	out_of_frame	IGKV1-39*01	.	IGKJ2*01	IGKC	assemble4323	0
1	6.858711e-04	TGCGGAACGTGGGATAGCAGCCTGCTGTGGTGTTC	out_of_frame	IGLV1-51*01	.	IGLJ3*02	IGLC	assemble4101	0
1	6.858711e-04	TTTAGCAGTATAATAACCCCTCTCACCTTC	FSSIITPLTF	IGKV3-15*01	.	IGKJ5*01	IGKC	assemble4294	0
1	6.858711e-04	TGTCAGCAGTATGTTAGCTCACCTATGTACTCTTTT	CQQYVSSPMYSF	IGKV3-20*01	.	IGKJ2*01	IGKC	assemble776	0
1	6.858711e-04	TGCCAACACTATGATAGTGATTCTTCGACGTTC	CQHYDSDSSTF	IGKV1-5*01	.	IGKJ1*01	IGKC	assemble3489	0
1	6.858711e-04	TGTCTGCAGTATGGCAGCTCACCTAGGACGTTC	CLQYGSSPRTF	IGKV3-20*01	.	IGKJ1*01	IGKC	assemble1701	0
1	6.858711e-04	TGCCAGTCTTATGACATCAGCCTGAGTGGTCGTATTC	out_of_frame	IGLV1-40*01	.	IGLJ2*01	IGLC	assemble3252	0
1	6.858711e-04	TGCTGCTCATATGCAGGCAGCTACCTTTATGTCTTC	CCSYAGSYLYVF	IGLV2-11*01	.	IGLJ1*01	IGLC	assemble4385	0
1	6.858711e-04	TGTCAGCAGTATGGTAACTCACCTGGGTCGTTC	CQQYGNSPGSF	IGKV3-20*01	.	IGKJ1*01	IGKC	assemble3849	0
1	6.858711e-04	TGTCAGCAATATTTTAGTACTCCGACGTCC	CQQYFSTPTS	IGKV4-1*01	.	IGKJ1*01	IGKC	assemble630	0
1	6.858711e-04	TGTCAATAGAGTTACATTAGTCCGTACTCTTTT	CQ_SYISPYSF	IGKV1-39*01	.	IGKJ2*01	IGKC	assemble4321	0
1	6.858711e-04	TGCGGAACGTGGGATAGCAGCCTGAGTGCTGTGGTGTTC	CGTWDSSLSAVVF	IGLV1-51*01	.	IGLJ3*02	IGLC	assemble4089	0
1	6.858711e-04	TGTCAGCAGCGTAGCAACTTGCTCGCGCTCAGTTTC	CQQRSNLLALSF	IGKV3-11*01	.	IGKJ4*01	IGKC	assemble1451	0
1	6.858711e-04	TGTCAGCAGTATGTTAGCTCACCTCTTCTCACTTTC	CQQYVSSPLLTF	IGKV3-20*01	.	IGKJ4*01	IGKC	assemble1415	0
1	6.858711e-04	TGTCAGCAGTATCATGACTGGCCTCTCCTCACTTTC	CQQYHDWPLLTF	IGKV3-15*01	.	IGKJ4*01	IGKC	assemble3644	0
1	6.858711e-04	TGTCACCAATATTATTGTATTCCATTCACTTTC	CHQYYCIPFTF	IGKV4-1*01	.	IGKJ3*01	IGKC	assemble5015	0
1	6.858711e-04	TGTCAATCAACAGACACCAGTAATCCTGTCTTC	CQSTDTSNPVF	IGLV3-25*03	.	IGLJ2*01	IGLC	assemble2605	0
1	6.858711e-04	TGTCAACAGTACGATAAGTTAGTCTCTTTT	CQQYDKLVSF	IGKV3-20*01	.	IGKJ2*01	IGKC	assemble122	0
1	3.846154e-02	TGTTCCAGCAGACAGGGACAGGGGCAGATACGCAGTATTTT	out_of_frame	TRBV12-3*01	TRBD1*01	TRBJ2-3*01	TRBC	assemble3400	0
1	6.858711e-04	TGTCAGTCTTATGATAGCAGCAATGAAGATTGGGTGTTC	CQSYDSSNEDWVF	IGLV6-57*01	.	IGLJ3*02	IGLC	assemble4805	0
1	6.858711e-04	TCATGCAAACTCTAGAAACTTCTTTCACTTTT	out_of_frame	IGKV2-30*01	.	IGKJ2*01	IGKC	assemble2588	0
1	6.858711e-04	TGTCAGCAATATGATAGTACTCCTCCTACTTTT	CQQYDSTPPTF	IGKV4-1*01	.	IGKJ2*01	IGKC	assemble4220	0
1	3.759398e-03	TGTGTCGGAGATTTTTTAGGCAAGTGG	CVGDFLGKW	IGHV2-5*01	IGHD3-10*01	IGHJ4*02	.	assemble4123	0
1	6.858711e-04	TGCCAAAGGTGTAATACTTACCTGTACACTTTT	CQRCNTYLYTF	IGKV1-5*01	.	IGKJ2*01	IGKC	assemble3555	0
1	6.858711e-04	TGTCAACAGCTTAATAGTTATCCGTACACTTTT	CQQLNSYPYTF	IGKV1-9*01	.	IGKJ2*01	IGKC	assemble3878	0
1	6.858711e-04	TGTCAGCAGTACGATAATCTCCCGATCACCTTC	CQQYDNLPITF	IGKV1-33*01	.	IGKJ5*01	IGKC	assemble1163	0
1	6.858711e-04	TTTCAGCAGCATAATAACTGGCCAACTTTC	FQQHNNWPTF	IGKV3-15*01	.	IGKJ3*01	IGKC	assemble1097	0
1	6.858711e-04	TCCCAACACTATAGTGATTCTTCGACGTGGACGTTC	SQHYSDSSTWTF	IGKV1-5*01	.	IGKJ1*01	IGKC	assemble3981	0
1	3.846154e-02	TGTTGCAGCAGACAGGGACAGGGGGCAGATACGCAGTATTTT	CCSRQGQGADTQYF	TRBV12-3*01	TRBD1*01	TRBJ2-3*01	TRBC	assemble118	0
1	6.858711e-04	TGTCTACAGCATGATAGTTACCTTCTGACGTTC	CLQHDSYLLTF	IGKV1-17*01	.	IGKJ1*01	IGKC	assemble4357	0
1	3.846154e-02	TGTGCCAGCAGCGCTGGGACGGGAAATGCTTACAATGAGCAGTTCTTC	CASSAGTGNAYNEQFF	TRBV9*01	TRBD1*01	TRBJ2-1*01	TRBC	assemble4984	0
1	6.858711e-04	TGTCAACAGGTTAATACTTACCTGGTCACTTTT	CQQVNTYLVTF	IGKV1-9*01	.	IGKJ2*01	IGKC	assemble4470	0
1	6.858711e-04	TGTCACCACTATGCTTTCTCAGCGTGGACGTTC	CHHYAFSAWTF	IGKV3-20*01	.	IGKJ1*01	IGKC	assemble4326	0
1	6.858711e-04	TGTCAGCATTACGATAATCTCTCTATCACCTTC	CQHYDNLSITF	IGKV1-33*01	.	IGKJ5*01	IGKC	assemble1163	0
1	3.759398e-03	TGTGCGAGAGATTTCTCGGCAGCAGTTGGTTACTACTACGGTATGGACGTCTGG	CARDFSAAVGYYYGMDVW	IGHV1-18*01	IGHD3-22*01	IGHJ6*02	.	assemble4345	0
1	6.858711e-04	TGTCAACAGAGTTCCAGTCGCCTTCGTATCTTC	CQQSSSRLRIF	IGKV1-39*01	.	IGKJ5*01	IGKC	assemble799	0
1	6.858711e-04	TGTCACCAGTATAATAACTGGCCTCTCACTTTC	CHQYNNWPLTF	IGKV3-15*01	.	IGKJ4*01	IGKC	assemble4403	0
1	1.666667e-01	TGTGCCACCTGGGATGGGCGGTTATTATAAGAAACTCTTT	out_of_frame	TRGV4*01	.	TRGJ1*02	TRGC	assemble3786	0
1	6.858711e-04	TGCTTACAACTCATAAAGTTTCCCCTCACTTTC	CLQLIKFPLTF	IGKV2-40*01	.	IGKJ4*01	IGKC	assemble2583	0
1	6.858711e-04	TTTCAACAGAGTTACAGTACCCCCGGGACGTTC	FQQSYSTPGTF	IGKV1-39*01	.	IGKJ1*01	IGKC	assemble4578	0
1	6.858711e-04	TGTGTGGTGTATATGGGTGGTGGCATTTGGGTGTTC	CVVYMGGGIWVF	IGLV8-61*01	.	IGLJ3*02	IGLC	assemble1656	0
1	6.858711e-04	TGTTCAGCATGGGATGACTACCTGCATGGTCTGTTC	CSAWDDYLHGLF	IGLV1-44*01	.	IGLJ3*02	IGLC	assemble4710	0
1	3.759398e-03	TGTGCACGGATACGCGGGGATATTTTGACTGGTTATTATAACTTTGATGCTTTTGATATCTGG	CARIRGDILTGYYNFDAFDIW	IGHV2-70*01	IGHD3-9*01	IGHJ3*02	.	assemble4839	0
1	6.858711e-04	TGTCATCGTGACAACTGGCCTCTCACTTTC	CHRDNWPLTF	IGKV3-11*01	.	IGKJ4*01	IGKC	assemble3959	0
